{
    "info": {
        "name": "Laravel Auto Crud (V2-DOLCIREVA-API)",
        "schema": "https://schema.getpostman.com/json/collection/v2.1.0/collection.json"
    },
    "item": [
        {
            "name": "Venues",
            "item": [
                {
                    "name": "Create venues",
                    "request": {
                        "method": "POST",
                        "header": [
                            {
                                "key": "Accept",
                                "value": "application/json",
                                "type": "text"
                            },
                            {
                                "key": "Content-Type",
                                "value": "application/json",
                                "type": "text"
                            }
                        ],
                        "body": {
                            "mode": "raw",
                            "raw": "{\n    \"owner_id\": \"value\",\n    \"address_id\": \"value\",\n    \"category_id\": \"value\",\n    \"name\": \"value\",\n    \"description\": \"value\",\n    \"type\": \"value\",\n    \"capacity\": \"value\",\n    \"opening_hours\": \"value\"\n}",
                            "options": {
                                "raw": {
                                    "language": "json"
                                }
                            }
                        },
                        "url": {
                            "raw": "http://v2-dolcireva-api.test/api/venues",
                            "protocol": "http",
                            "host": ["v2-dolcireva-api", "test"],
                            "port": 80,
                            "path": ["api", "venues"],
                            "variable": []
                        }
                    },
                    "response": []
                },
                {
                    "name": "Update venues",
                    "request": {
                        "method": "PATCH",
                        "header": [
                            {
                                "key": "Accept",
                                "value": "application/json",
                                "type": "text"
                            },
                            {
                                "key": "Content-Type",
                                "value": "application/json",
                                "type": "text"
                            }
                        ],
                        "body": {
                            "mode": "raw",
                            "raw": "{\n    \"owner_id\": \"value\",\n    \"address_id\": \"value\",\n    \"category_id\": \"value\",\n    \"name\": \"value\",\n    \"description\": \"value\",\n    \"type\": \"value\",\n    \"capacity\": \"value\",\n    \"opening_hours\": \"value\"\n}",
                            "options": {
                                "raw": {
                                    "language": "json"
                                }
                            }
                        },
                        "url": {
                            "raw": "http://v2-dolcireva-api.test/api/venues/:id",
                            "protocol": "http",
                            "host": ["v2-dolcireva-api", "test"],
                            "port": 80,
                            "path": ["api", "venues", ":id"],
                            "variable": [
                                {
                                    "key": "id",
                                    "value": "1"
                                }
                            ]
                        }
                    },
                    "response": []
                },
                {
                    "name": "Delete venues",
                    "request": {
                        "method": "DELETE",
                        "header": [
                            {
                                "key": "Accept",
                                "value": "application/json",
                                "type": "text"
                            },
                            {
                                "key": "Content-Type",
                                "value": "application/json",
                                "type": "text"
                            }
                        ],
                        "body": {
                            "mode": "raw",
                            "raw": "[]",
                            "options": {
                                "raw": {
                                    "language": "json"
                                }
                            }
                        },
                        "url": {
                            "raw": "http://v2-dolcireva-api.test/api/venues/:id",
                            "protocol": "http",
                            "host": ["v2-dolcireva-api", "test"],
                            "port": 80,
                            "path": ["api", "venues", ":id"],
                            "variable": [
                                {
                                    "key": "id",
                                    "value": "1"
                                }
                            ]
                        }
                    },
                    "response": []
                },
                {
                    "name": "Get venues",
                    "request": {
                        "method": "GET",
                        "header": [
                            {
                                "key": "Accept",
                                "value": "application/json",
                                "type": "text"
                            },
                            {
                                "key": "Content-Type",
                                "value": "application/json",
                                "type": "text"
                            }
                        ],
                        "body": {
                            "mode": "raw",
                            "raw": "[]",
                            "options": {
                                "raw": {
                                    "language": "json"
                                }
                            }
                        },
                        "url": {
                            "raw": "http://v2-dolcireva-api.test/api/venues",
                            "protocol": "http",
                            "host": ["v2-dolcireva-api", "test"],
                            "port": 80,
                            "path": ["api", "venues"],
                            "variable": []
                        }
                    },
                    "response": []
                },
                {
                    "name": "Get single venues",
                    "request": {
                        "method": "GET",
                        "header": [
                            {
                                "key": "Accept",
                                "value": "application/json",
                                "type": "text"
                            },
                            {
                                "key": "Content-Type",
                                "value": "application/json",
                                "type": "text"
                            }
                        ],
                        "body": {
                            "mode": "raw",
                            "raw": "[]",
                            "options": {
                                "raw": {
                                    "language": "json"
                                }
                            }
                        },
                        "url": {
                            "raw": "http://v2-dolcireva-api.test/api/venues/:id",
                            "protocol": "http",
                            "host": ["v2-dolcireva-api", "test"],
                            "port": 80,
                            "path": ["api", "venues", ":id"],
                            "variable": [
                                {
                                    "key": "id",
                                    "value": "1"
                                }
                            ]
                        }
                    },
                    "response": []
                }
            ]
        },
        {
            "name": "Users",
            "item": [
                {
                    "name": "Create users",
                    "request": {
                        "method": "POST",
                        "header": [
                            {
                                "key": "Accept",
                                "value": "application/json",
                                "type": "text"
                            },
                            {
                                "key": "Content-Type",
                                "value": "application/json",
                                "type": "text"
                            }
                        ],
                        "body": {
                            "mode": "raw",
                            "raw": "{\n    \"first_name\": \"value\",\n    \"last_name\": \"value\",\n    \"phone\": \"value\",\n    \"email\": \"value\",\n    \"email_verified_at\": \"value\",\n    \"password\": \"value\",\n    \"remember_token\": \"value\"\n}",
                            "options": {
                                "raw": {
                                    "language": "json"
                                }
                            }
                        },
                        "url": {
                            "raw": "http://v2-dolcireva-api.test/api/users",
                            "protocol": "http",
                            "host": ["v2-dolcireva-api", "test"],
                            "port": 80,
                            "path": ["api", "users"],
                            "variable": []
                        }
                    },
                    "response": []
                },
                {
                    "name": "Update users",
                    "request": {
                        "method": "PATCH",
                        "header": [
                            {
                                "key": "Accept",
                                "value": "application/json",
                                "type": "text"
                            },
                            {
                                "key": "Content-Type",
                                "value": "application/json",
                                "type": "text"
                            }
                        ],
                        "body": {
                            "mode": "raw",
                            "raw": "{\n    \"first_name\": \"value\",\n    \"last_name\": \"value\",\n    \"phone\": \"value\",\n    \"email\": \"value\",\n    \"email_verified_at\": \"value\",\n    \"password\": \"value\",\n    \"remember_token\": \"value\"\n}",
                            "options": {
                                "raw": {
                                    "language": "json"
                                }
                            }
                        },
                        "url": {
                            "raw": "http://v2-dolcireva-api.test/api/users/:id",
                            "protocol": "http",
                            "host": ["v2-dolcireva-api", "test"],
                            "port": 80,
                            "path": ["api", "users", ":id"],
                            "variable": [
                                {
                                    "key": "id",
                                    "value": "1"
                                }
                            ]
                        }
                    },
                    "response": []
                },
                {
                    "name": "Delete users",
                    "request": {
                        "method": "DELETE",
                        "header": [
                            {
                                "key": "Accept",
                                "value": "application/json",
                                "type": "text"
                            },
                            {
                                "key": "Content-Type",
                                "value": "application/json",
                                "type": "text"
                            }
                        ],
                        "body": {
                            "mode": "raw",
                            "raw": "[]",
                            "options": {
                                "raw": {
                                    "language": "json"
                                }
                            }
                        },
                        "url": {
                            "raw": "http://v2-dolcireva-api.test/api/users/:id",
                            "protocol": "http",
                            "host": ["v2-dolcireva-api", "test"],
                            "port": 80,
                            "path": ["api", "users", ":id"],
                            "variable": [
                                {
                                    "key": "id",
                                    "value": "1"
                                }
                            ]
                        }
                    },
                    "response": []
                },
                {
                    "name": "Get users",
                    "request": {
                        "method": "GET",
                        "header": [
                            {
                                "key": "Accept",
                                "value": "application/json",
                                "type": "text"
                            },
                            {
                                "key": "Content-Type",
                                "value": "application/json",
                                "type": "text"
                            }
                        ],
                        "body": {
                            "mode": "raw",
                            "raw": "[]",
                            "options": {
                                "raw": {
                                    "language": "json"
                                }
                            }
                        },
                        "url": {
                            "raw": "http://v2-dolcireva-api.test/api/users",
                            "protocol": "http",
                            "host": ["v2-dolcireva-api", "test"],
                            "port": 80,
                            "path": ["api", "users"],
                            "variable": []
                        }
                    },
                    "response": []
                },
                {
                    "name": "Get single users",
                    "request": {
                        "method": "GET",
                        "header": [
                            {
                                "key": "Accept",
                                "value": "application/json",
                                "type": "text"
                            },
                            {
                                "key": "Content-Type",
                                "value": "application/json",
                                "type": "text"
                            }
                        ],
                        "body": {
                            "mode": "raw",
                            "raw": "[]",
                            "options": {
                                "raw": {
                                    "language": "json"
                                }
                            }
                        },
                        "url": {
                            "raw": "http://v2-dolcireva-api.test/api/users/:id",
                            "protocol": "http",
                            "host": ["v2-dolcireva-api", "test"],
                            "port": 80,
                            "path": ["api", "users", ":id"],
                            "variable": [
                                {
                                    "key": "id",
                                    "value": "1"
                                }
                            ]
                        }
                    },
                    "response": []
                }
            ]
        },
        {
            "name": "Addresses",
            "item": [
                {
                    "name": "Create addresses",
                    "request": {
                        "method": "POST",
                        "header": [
                            {
                                "key": "Accept",
                                "value": "application/json",
                                "type": "text"
                            },
                            {
                                "key": "Content-Type",
                                "value": "application/json",
                                "type": "text"
                            }
                        ],
                        "body": {
                            "mode": "raw",
                            "raw": "{\n    \"street\": \"value\",\n    \"postal_code\": \"value\",\n    \"city\": \"value\",\n    \"country\": \"value\",\n    \"latitude\": \"value\",\n    \"longitude\": \"value\",\n    \"place_id\": \"value\",\n    \"user_id\": \"value\"\n}",
                            "options": {
                                "raw": {
                                    "language": "json"
                                }
                            }
                        },
                        "url": {
                            "raw": "http://v2-dolcireva-api.test/api/addresses",
                            "protocol": "http",
                            "host": ["v2-dolcireva-api", "test"],
                            "port": 80,
                            "path": ["api", "addresses"],
                            "variable": []
                        }
                    },
                    "response": []
                },
                {
                    "name": "Update addresses",
                    "request": {
                        "method": "PATCH",
                        "header": [
                            {
                                "key": "Accept",
                                "value": "application/json",
                                "type": "text"
                            },
                            {
                                "key": "Content-Type",
                                "value": "application/json",
                                "type": "text"
                            }
                        ],
                        "body": {
                            "mode": "raw",
                            "raw": "{\n    \"street\": \"value\",\n    \"postal_code\": \"value\",\n    \"city\": \"value\",\n    \"country\": \"value\",\n    \"latitude\": \"value\",\n    \"longitude\": \"value\",\n    \"place_id\": \"value\",\n    \"user_id\": \"value\"\n}",
                            "options": {
                                "raw": {
                                    "language": "json"
                                }
                            }
                        },
                        "url": {
                            "raw": "http://v2-dolcireva-api.test/api/addresses/:id",
                            "protocol": "http",
                            "host": ["v2-dolcireva-api", "test"],
                            "port": 80,
                            "path": ["api", "addresses", ":id"],
                            "variable": [
                                {
                                    "key": "id",
                                    "value": "1"
                                }
                            ]
                        }
                    },
                    "response": []
                },
                {
                    "name": "Delete addresses",
                    "request": {
                        "method": "DELETE",
                        "header": [
                            {
                                "key": "Accept",
                                "value": "application/json",
                                "type": "text"
                            },
                            {
                                "key": "Content-Type",
                                "value": "application/json",
                                "type": "text"
                            }
                        ],
                        "body": {
                            "mode": "raw",
                            "raw": "[]",
                            "options": {
                                "raw": {
                                    "language": "json"
                                }
                            }
                        },
                        "url": {
                            "raw": "http://v2-dolcireva-api.test/api/addresses/:id",
                            "protocol": "http",
                            "host": ["v2-dolcireva-api", "test"],
                            "port": 80,
                            "path": ["api", "addresses", ":id"],
                            "variable": [
                                {
                                    "key": "id",
                                    "value": "1"
                                }
                            ]
                        }
                    },
                    "response": []
                },
                {
                    "name": "Get addresses",
                    "request": {
                        "method": "GET",
                        "header": [
                            {
                                "key": "Accept",
                                "value": "application/json",
                                "type": "text"
                            },
                            {
                                "key": "Content-Type",
                                "value": "application/json",
                                "type": "text"
                            }
                        ],
                        "body": {
                            "mode": "raw",
                            "raw": "[]",
                            "options": {
                                "raw": {
                                    "language": "json"
                                }
                            }
                        },
                        "url": {
                            "raw": "http://v2-dolcireva-api.test/api/addresses",
                            "protocol": "http",
                            "host": ["v2-dolcireva-api", "test"],
                            "port": 80,
                            "path": ["api", "addresses"],
                            "variable": []
                        }
                    },
                    "response": []
                },
                {
                    "name": "Get single addresses",
                    "request": {
                        "method": "GET",
                        "header": [
                            {
                                "key": "Accept",
                                "value": "application/json",
                                "type": "text"
                            },
                            {
                                "key": "Content-Type",
                                "value": "application/json",
                                "type": "text"
                            }
                        ],
                        "body": {
                            "mode": "raw",
                            "raw": "[]",
                            "options": {
                                "raw": {
                                    "language": "json"
                                }
                            }
                        },
                        "url": {
                            "raw": "http://v2-dolcireva-api.test/api/addresses/:id",
                            "protocol": "http",
                            "host": ["v2-dolcireva-api", "test"],
                            "port": 80,
                            "path": ["api", "addresses", ":id"],
                            "variable": [
                                {
                                    "key": "id",
                                    "value": "1"
                                }
                            ]
                        }
                    },
                    "response": []
                }
            ]
        },
        {
            "name": "Categories",
            "item": [
                {
                    "name": "Create categories",
                    "request": {
                        "method": "POST",
                        "header": [
                            {
                                "key": "Accept",
                                "value": "application/json",
                                "type": "text"
                            },
                            {
                                "key": "Content-Type",
                                "value": "application/json",
                                "type": "text"
                            }
                        ],
                        "body": {
                            "mode": "raw",
                            "raw": "{\n    \"name\": \"value\",\n    \"icon\": \"value\"\n}",
                            "options": {
                                "raw": {
                                    "language": "json"
                                }
                            }
                        },
                        "url": {
                            "raw": "http://v2-dolcireva-api.test/api/categories",
                            "protocol": "http",
                            "host": ["v2-dolcireva-api", "test"],
                            "port": 80,
                            "path": ["api", "categories"],
                            "variable": []
                        }
                    },
                    "response": []
                },
                {
                    "name": "Update categories",
                    "request": {
                        "method": "PATCH",
                        "header": [
                            {
                                "key": "Accept",
                                "value": "application/json",
                                "type": "text"
                            },
                            {
                                "key": "Content-Type",
                                "value": "application/json",
                                "type": "text"
                            }
                        ],
                        "body": {
                            "mode": "raw",
                            "raw": "{\n    \"name\": \"value\",\n    \"icon\": \"value\"\n}",
                            "options": {
                                "raw": {
                                    "language": "json"
                                }
                            }
                        },
                        "url": {
                            "raw": "http://v2-dolcireva-api.test/api/categories/:id",
                            "protocol": "http",
                            "host": ["v2-dolcireva-api", "test"],
                            "port": 80,
                            "path": ["api", "categories", ":id"],
                            "variable": [
                                {
                                    "key": "id",
                                    "value": "1"
                                }
                            ]
                        }
                    },
                    "response": []
                },
                {
                    "name": "Delete categories",
                    "request": {
                        "method": "DELETE",
                        "header": [
                            {
                                "key": "Accept",
                                "value": "application/json",
                                "type": "text"
                            },
                            {
                                "key": "Content-Type",
                                "value": "application/json",
                                "type": "text"
                            }
                        ],
                        "body": {
                            "mode": "raw",
                            "raw": "[]",
                            "options": {
                                "raw": {
                                    "language": "json"
                                }
                            }
                        },
                        "url": {
                            "raw": "http://v2-dolcireva-api.test/api/categories/:id",
                            "protocol": "http",
                            "host": ["v2-dolcireva-api", "test"],
                            "port": 80,
                            "path": ["api", "categories", ":id"],
                            "variable": [
                                {
                                    "key": "id",
                                    "value": "1"
                                }
                            ]
                        }
                    },
                    "response": []
                },
                {
                    "name": "Get categories",
                    "request": {
                        "method": "GET",
                        "header": [
                            {
                                "key": "Accept",
                                "value": "application/json",
                                "type": "text"
                            },
                            {
                                "key": "Content-Type",
                                "value": "application/json",
                                "type": "text"
                            }
                        ],
                        "body": {
                            "mode": "raw",
                            "raw": "[]",
                            "options": {
                                "raw": {
                                    "language": "json"
                                }
                            }
                        },
                        "url": {
                            "raw": "http://v2-dolcireva-api.test/api/categories",
                            "protocol": "http",
                            "host": ["v2-dolcireva-api", "test"],
                            "port": 80,
                            "path": ["api", "categories"],
                            "variable": []
                        }
                    },
                    "response": []
                },
                {
                    "name": "Get single categories",
                    "request": {
                        "method": "GET",
                        "header": [
                            {
                                "key": "Accept",
                                "value": "application/json",
                                "type": "text"
                            },
                            {
                                "key": "Content-Type",
                                "value": "application/json",
                                "type": "text"
                            }
                        ],
                        "body": {
                            "mode": "raw",
                            "raw": "[]",
                            "options": {
                                "raw": {
                                    "language": "json"
                                }
                            }
                        },
                        "url": {
                            "raw": "http://v2-dolcireva-api.test/api/categories/:id",
                            "protocol": "http",
                            "host": ["v2-dolcireva-api", "test"],
                            "port": 80,
                            "path": ["api", "categories", ":id"],
                            "variable": [
                                {
                                    "key": "id",
                                    "value": "1"
                                }
                            ]
                        }
                    },
                    "response": []
                }
            ]
        },
        {
            "name": "Spaces",
            "item": [
                {
                    "name": "Create spaces",
                    "request": {
                        "method": "POST",
                        "header": [
                            {
                                "key": "Accept",
                                "value": "application/json",
                                "type": "text"
                            },
                            {
                                "key": "Content-Type",
                                "value": "application/json",
                                "type": "text"
                            }
                        ],
                        "body": {
                            "mode": "raw",
                            "raw": "{\n    \"venue_id\": \"value\",\n    \"name\": \"value\",\n    \"type\": \"value\",\n    \"min_guests\": \"value\",\n    \"max_guests\": \"value\",\n    \"is_hourly_rate\": \"value\"\n}",
                            "options": {
                                "raw": {
                                    "language": "json"
                                }
                            }
                        },
                        "url": {
                            "raw": "http://v2-dolcireva-api.test/api/spaces",
                            "protocol": "http",
                            "host": ["v2-dolcireva-api", "test"],
                            "port": 80,
                            "path": ["api", "spaces"],
                            "variable": []
                        }
                    },
                    "response": []
                },
                {
                    "name": "Update spaces",
                    "request": {
                        "method": "PATCH",
                        "header": [
                            {
                                "key": "Accept",
                                "value": "application/json",
                                "type": "text"
                            },
                            {
                                "key": "Content-Type",
                                "value": "application/json",
                                "type": "text"
                            }
                        ],
                        "body": {
                            "mode": "raw",
                            "raw": "{\n    \"venue_id\": \"value\",\n    \"name\": \"value\",\n    \"type\": \"value\",\n    \"min_guests\": \"value\",\n    \"max_guests\": \"value\",\n    \"is_hourly_rate\": \"value\"\n}",
                            "options": {
                                "raw": {
                                    "language": "json"
                                }
                            }
                        },
                        "url": {
                            "raw": "http://v2-dolcireva-api.test/api/spaces/:id",
                            "protocol": "http",
                            "host": ["v2-dolcireva-api", "test"],
                            "port": 80,
                            "path": ["api", "spaces", ":id"],
                            "variable": [
                                {
                                    "key": "id",
                                    "value": "1"
                                }
                            ]
                        }
                    },
                    "response": []
                },
                {
                    "name": "Delete spaces",
                    "request": {
                        "method": "DELETE",
                        "header": [
                            {
                                "key": "Accept",
                                "value": "application/json",
                                "type": "text"
                            },
                            {
                                "key": "Content-Type",
                                "value": "application/json",
                                "type": "text"
                            }
                        ],
                        "body": {
                            "mode": "raw",
                            "raw": "[]",
                            "options": {
                                "raw": {
                                    "language": "json"
                                }
                            }
                        },
                        "url": {
                            "raw": "http://v2-dolcireva-api.test/api/spaces/:id",
                            "protocol": "http",
                            "host": ["v2-dolcireva-api", "test"],
                            "port": 80,
                            "path": ["api", "spaces", ":id"],
                            "variable": [
                                {
                                    "key": "id",
                                    "value": "1"
                                }
                            ]
                        }
                    },
                    "response": []
                },
                {
                    "name": "Get spaces",
                    "request": {
                        "method": "GET",
                        "header": [
                            {
                                "key": "Accept",
                                "value": "application/json",
                                "type": "text"
                            },
                            {
                                "key": "Content-Type",
                                "value": "application/json",
                                "type": "text"
                            }
                        ],
                        "body": {
                            "mode": "raw",
                            "raw": "[]",
                            "options": {
                                "raw": {
                                    "language": "json"
                                }
                            }
                        },
                        "url": {
                            "raw": "http://v2-dolcireva-api.test/api/spaces",
                            "protocol": "http",
                            "host": ["v2-dolcireva-api", "test"],
                            "port": 80,
                            "path": ["api", "spaces"],
                            "variable": []
                        }
                    },
                    "response": []
                },
                {
                    "name": "Get single spaces",
                    "request": {
                        "method": "GET",
                        "header": [
                            {
                                "key": "Accept",
                                "value": "application/json",
                                "type": "text"
                            },
                            {
                                "key": "Content-Type",
                                "value": "application/json",
                                "type": "text"
                            }
                        ],
                        "body": {
                            "mode": "raw",
                            "raw": "[]",
                            "options": {
                                "raw": {
                                    "language": "json"
                                }
                            }
                        },
                        "url": {
                            "raw": "http://v2-dolcireva-api.test/api/spaces/:id",
                            "protocol": "http",
                            "host": ["v2-dolcireva-api", "test"],
                            "port": 80,
                            "path": ["api", "spaces", ":id"],
                            "variable": [
                                {
                                    "key": "id",
                                    "value": "1"
                                }
                            ]
                        }
                    },
                    "response": []
                }
            ]
        },
        {
            "name": "Activities",
            "item": [
                {
                    "name": "Create activities",
                    "request": {
                        "method": "POST",
                        "header": [
                            {
                                "key": "Accept",
                                "value": "application/json",
                                "type": "text"
                            },
                            {
                                "key": "Content-Type",
                                "value": "application/json",
                                "type": "text"
                            }
                        ],
                        "body": {
                            "mode": "raw",
                            "raw": "{\n    \"organizer_id\": \"value\",\n    \"address_id\": \"value\",\n    \"title\": \"value\",\n    \"description\": \"value\",\n    \"type\": \"value\",\n    \"duration_minutes\": \"value\",\n    \"equipment_provided\": \"value\",\n    \"price_per_person\": \"value\"\n}",
                            "options": {
                                "raw": {
                                    "language": "json"
                                }
                            }
                        },
                        "url": {
                            "raw": "http://v2-dolcireva-api.test/api/activities",
                            "protocol": "http",
                            "host": ["v2-dolcireva-api", "test"],
                            "port": 80,
                            "path": ["api", "activities"],
                            "variable": []
                        }
                    },
                    "response": []
                },
                {
                    "name": "Update activities",
                    "request": {
                        "method": "PATCH",
                        "header": [
                            {
                                "key": "Accept",
                                "value": "application/json",
                                "type": "text"
                            },
                            {
                                "key": "Content-Type",
                                "value": "application/json",
                                "type": "text"
                            }
                        ],
                        "body": {
                            "mode": "raw",
                            "raw": "{\n    \"organizer_id\": \"value\",\n    \"address_id\": \"value\",\n    \"title\": \"value\",\n    \"description\": \"value\",\n    \"type\": \"value\",\n    \"duration_minutes\": \"value\",\n    \"equipment_provided\": \"value\",\n    \"price_per_person\": \"value\"\n}",
                            "options": {
                                "raw": {
                                    "language": "json"
                                }
                            }
                        },
                        "url": {
                            "raw": "http://v2-dolcireva-api.test/api/activities/:id",
                            "protocol": "http",
                            "host": ["v2-dolcireva-api", "test"],
                            "port": 80,
                            "path": ["api", "activities", ":id"],
                            "variable": [
                                {
                                    "key": "id",
                                    "value": "1"
                                }
                            ]
                        }
                    },
                    "response": []
                },
                {
                    "name": "Delete activities",
                    "request": {
                        "method": "DELETE",
                        "header": [
                            {
                                "key": "Accept",
                                "value": "application/json",
                                "type": "text"
                            },
                            {
                                "key": "Content-Type",
                                "value": "application/json",
                                "type": "text"
                            }
                        ],
                        "body": {
                            "mode": "raw",
                            "raw": "[]",
                            "options": {
                                "raw": {
                                    "language": "json"
                                }
                            }
                        },
                        "url": {
                            "raw": "http://v2-dolcireva-api.test/api/activities/:id",
                            "protocol": "http",
                            "host": ["v2-dolcireva-api", "test"],
                            "port": 80,
                            "path": ["api", "activities", ":id"],
                            "variable": [
                                {
                                    "key": "id",
                                    "value": "1"
                                }
                            ]
                        }
                    },
                    "response": []
                },
                {
                    "name": "Get activities",
                    "request": {
                        "method": "GET",
                        "header": [
                            {
                                "key": "Accept",
                                "value": "application/json",
                                "type": "text"
                            },
                            {
                                "key": "Content-Type",
                                "value": "application/json",
                                "type": "text"
                            }
                        ],
                        "body": {
                            "mode": "raw",
                            "raw": "[]",
                            "options": {
                                "raw": {
                                    "language": "json"
                                }
                            }
                        },
                        "url": {
                            "raw": "http://v2-dolcireva-api.test/api/activities",
                            "protocol": "http",
                            "host": ["v2-dolcireva-api", "test"],
                            "port": 80,
                            "path": ["api", "activities"],
                            "variable": []
                        }
                    },
                    "response": []
                },
                {
                    "name": "Get single activities",
                    "request": {
                        "method": "GET",
                        "header": [
                            {
                                "key": "Accept",
                                "value": "application/json",
                                "type": "text"
                            },
                            {
                                "key": "Content-Type",
                                "value": "application/json",
                                "type": "text"
                            }
                        ],
                        "body": {
                            "mode": "raw",
                            "raw": "[]",
                            "options": {
                                "raw": {
                                    "language": "json"
                                }
                            }
                        },
                        "url": {
                            "raw": "http://v2-dolcireva-api.test/api/activities/:id",
                            "protocol": "http",
                            "host": ["v2-dolcireva-api", "test"],
                            "port": 80,
                            "path": ["api", "activities", ":id"],
                            "variable": [
                                {
                                    "key": "id",
                                    "value": "1"
                                }
                            ]
                        }
                    },
                    "response": []
                }
            ]
        },
        {
            "name": "Time_slots",
            "item": [
                {
                    "name": "Create time_slots",
                    "request": {
                        "method": "POST",
                        "header": [
                            {
                                "key": "Accept",
                                "value": "application/json",
                                "type": "text"
                            },
                            {
                                "key": "Content-Type",
                                "value": "application/json",
                                "type": "text"
                            }
                        ],
                        "body": {
                            "mode": "raw",
                            "raw": "{\n    \"activity_id\": \"value\",\n    \"start_time\": \"value\",\n    \"end_time\": \"value\",\n    \"max_participants\": \"value\"\n}",
                            "options": {
                                "raw": {
                                    "language": "json"
                                }
                            }
                        },
                        "url": {
                            "raw": "http://v2-dolcireva-api.test/api/time_slots",
                            "protocol": "http",
                            "host": ["v2-dolcireva-api", "test"],
                            "port": 80,
                            "path": ["api", "time_slots"],
                            "variable": []
                        }
                    },
                    "response": []
                },
                {
                    "name": "Update time_slots",
                    "request": {
                        "method": "PATCH",
                        "header": [
                            {
                                "key": "Accept",
                                "value": "application/json",
                                "type": "text"
                            },
                            {
                                "key": "Content-Type",
                                "value": "application/json",
                                "type": "text"
                            }
                        ],
                        "body": {
                            "mode": "raw",
                            "raw": "{\n    \"activity_id\": \"value\",\n    \"start_time\": \"value\",\n    \"end_time\": \"value\",\n    \"max_participants\": \"value\"\n}",
                            "options": {
                                "raw": {
                                    "language": "json"
                                }
                            }
                        },
                        "url": {
                            "raw": "http://v2-dolcireva-api.test/api/time_slots/:id",
                            "protocol": "http",
                            "host": ["v2-dolcireva-api", "test"],
                            "port": 80,
                            "path": ["api", "time_slots", ":id"],
                            "variable": [
                                {
                                    "key": "id",
                                    "value": "1"
                                }
                            ]
                        }
                    },
                    "response": []
                },
                {
                    "name": "Delete time_slots",
                    "request": {
                        "method": "DELETE",
                        "header": [
                            {
                                "key": "Accept",
                                "value": "application/json",
                                "type": "text"
                            },
                            {
                                "key": "Content-Type",
                                "value": "application/json",
                                "type": "text"
                            }
                        ],
                        "body": {
                            "mode": "raw",
                            "raw": "[]",
                            "options": {
                                "raw": {
                                    "language": "json"
                                }
                            }
                        },
                        "url": {
                            "raw": "http://v2-dolcireva-api.test/api/time_slots/:id",
                            "protocol": "http",
                            "host": ["v2-dolcireva-api", "test"],
                            "port": 80,
                            "path": ["api", "time_slots", ":id"],
                            "variable": [
                                {
                                    "key": "id",
                                    "value": "1"
                                }
                            ]
                        }
                    },
                    "response": []
                },
                {
                    "name": "Get time_slots",
                    "request": {
                        "method": "GET",
                        "header": [
                            {
                                "key": "Accept",
                                "value": "application/json",
                                "type": "text"
                            },
                            {
                                "key": "Content-Type",
                                "value": "application/json",
                                "type": "text"
                            }
                        ],
                        "body": {
                            "mode": "raw",
                            "raw": "[]",
                            "options": {
                                "raw": {
                                    "language": "json"
                                }
                            }
                        },
                        "url": {
                            "raw": "http://v2-dolcireva-api.test/api/time_slots",
                            "protocol": "http",
                            "host": ["v2-dolcireva-api", "test"],
                            "port": 80,
                            "path": ["api", "time_slots"],
                            "variable": []
                        }
                    },
                    "response": []
                },
                {
                    "name": "Get single time_slots",
                    "request": {
                        "method": "GET",
                        "header": [
                            {
                                "key": "Accept",
                                "value": "application/json",
                                "type": "text"
                            },
                            {
                                "key": "Content-Type",
                                "value": "application/json",
                                "type": "text"
                            }
                        ],
                        "body": {
                            "mode": "raw",
                            "raw": "[]",
                            "options": {
                                "raw": {
                                    "language": "json"
                                }
                            }
                        },
                        "url": {
                            "raw": "http://v2-dolcireva-api.test/api/time_slots/:id",
                            "protocol": "http",
                            "host": ["v2-dolcireva-api", "test"],
                            "port": 80,
                            "path": ["api", "time_slots", ":id"],
                            "variable": [
                                {
                                    "key": "id",
                                    "value": "1"
                                }
                            ]
                        }
                    },
                    "response": []
                }
            ]
        },
        {
            "name": "Amenities",
            "item": [
                {
                    "name": "Create amenities",
                    "request": {
                        "method": "POST",
                        "header": [
                            {
                                "key": "Accept",
                                "value": "application/json",
                                "type": "text"
                            },
                            {
                                "key": "Content-Type",
                                "value": "application/json",
                                "type": "text"
                            }
                        ],
                        "body": {
                            "mode": "raw",
                            "raw": "{\n    \"name\": \"value\"\n}",
                            "options": {
                                "raw": {
                                    "language": "json"
                                }
                            }
                        },
                        "url": {
                            "raw": "http://v2-dolcireva-api.test/api/amenities",
                            "protocol": "http",
                            "host": ["v2-dolcireva-api", "test"],
                            "port": 80,
                            "path": ["api", "amenities"],
                            "variable": []
                        }
                    },
                    "response": []
                },
                {
                    "name": "Update amenities",
                    "request": {
                        "method": "PATCH",
                        "header": [
                            {
                                "key": "Accept",
                                "value": "application/json",
                                "type": "text"
                            },
                            {
                                "key": "Content-Type",
                                "value": "application/json",
                                "type": "text"
                            }
                        ],
                        "body": {
                            "mode": "raw",
                            "raw": "{\n    \"name\": \"value\"\n}",
                            "options": {
                                "raw": {
                                    "language": "json"
                                }
                            }
                        },
                        "url": {
                            "raw": "http://v2-dolcireva-api.test/api/amenities/:id",
                            "protocol": "http",
                            "host": ["v2-dolcireva-api", "test"],
                            "port": 80,
                            "path": ["api", "amenities", ":id"],
                            "variable": [
                                {
                                    "key": "id",
                                    "value": "1"
                                }
                            ]
                        }
                    },
                    "response": []
                },
                {
                    "name": "Delete amenities",
                    "request": {
                        "method": "DELETE",
                        "header": [
                            {
                                "key": "Accept",
                                "value": "application/json",
                                "type": "text"
                            },
                            {
                                "key": "Content-Type",
                                "value": "application/json",
                                "type": "text"
                            }
                        ],
                        "body": {
                            "mode": "raw",
                            "raw": "[]",
                            "options": {
                                "raw": {
                                    "language": "json"
                                }
                            }
                        },
                        "url": {
                            "raw": "http://v2-dolcireva-api.test/api/amenities/:id",
                            "protocol": "http",
                            "host": ["v2-dolcireva-api", "test"],
                            "port": 80,
                            "path": ["api", "amenities", ":id"],
                            "variable": [
                                {
                                    "key": "id",
                                    "value": "1"
                                }
                            ]
                        }
                    },
                    "response": []
                },
                {
                    "name": "Get amenities",
                    "request": {
                        "method": "GET",
                        "header": [
                            {
                                "key": "Accept",
                                "value": "application/json",
                                "type": "text"
                            },
                            {
                                "key": "Content-Type",
                                "value": "application/json",
                                "type": "text"
                            }
                        ],
                        "body": {
                            "mode": "raw",
                            "raw": "[]",
                            "options": {
                                "raw": {
                                    "language": "json"
                                }
                            }
                        },
                        "url": {
                            "raw": "http://v2-dolcireva-api.test/api/amenities",
                            "protocol": "http",
                            "host": ["v2-dolcireva-api", "test"],
                            "port": 80,
                            "path": ["api", "amenities"],
                            "variable": []
                        }
                    },
                    "response": []
                },
                {
                    "name": "Get single amenities",
                    "request": {
                        "method": "GET",
                        "header": [
                            {
                                "key": "Accept",
                                "value": "application/json",
                                "type": "text"
                            },
                            {
                                "key": "Content-Type",
                                "value": "application/json",
                                "type": "text"
                            }
                        ],
                        "body": {
                            "mode": "raw",
                            "raw": "[]",
                            "options": {
                                "raw": {
                                    "language": "json"
                                }
                            }
                        },
                        "url": {
                            "raw": "http://v2-dolcireva-api.test/api/amenities/:id",
                            "protocol": "http",
                            "host": ["v2-dolcireva-api", "test"],
                            "port": 80,
                            "path": ["api", "amenities", ":id"],
                            "variable": [
                                {
                                    "key": "id",
                                    "value": "1"
                                }
                            ]
                        }
                    },
                    "response": []
                }
            ]
        },
        {
            "name": "Properties",
            "item": [
                {
                    "name": "Create properties",
                    "request": {
                        "method": "POST",
                        "header": [
                            {
                                "key": "Accept",
                                "value": "application/json",
                                "type": "text"
                            },
                            {
                                "key": "Content-Type",
                                "value": "application/json",
                                "type": "text"
                            }
                        ],
                        "body": {
                            "mode": "raw",
                            "raw": "{\n    \"owner_id\": \"value\",\n    \"address_id\": \"value\",\n    \"category_id\": \"value\",\n    \"title\": \"value\",\n    \"description\": \"value\",\n    \"type\": \"value\",\n    \"rental_type\": \"value\",\n    \"max_guests\": \"value\",\n    \"bedrooms\": \"value\",\n    \"bathrooms\": \"value\",\n    \"size_m2\": \"value\"\n}",
                            "options": {
                                "raw": {
                                    "language": "json"
                                }
                            }
                        },
                        "url": {
                            "raw": "http://v2-dolcireva-api.test/api/properties",
                            "protocol": "http",
                            "host": ["v2-dolcireva-api", "test"],
                            "port": 80,
                            "path": ["api", "properties"],
                            "variable": []
                        }
                    },
                    "response": []
                },
                {
                    "name": "Update properties",
                    "request": {
                        "method": "PATCH",
                        "header": [
                            {
                                "key": "Accept",
                                "value": "application/json",
                                "type": "text"
                            },
                            {
                                "key": "Content-Type",
                                "value": "application/json",
                                "type": "text"
                            }
                        ],
                        "body": {
                            "mode": "raw",
                            "raw": "{\n    \"owner_id\": \"value\",\n    \"address_id\": \"value\",\n    \"category_id\": \"value\",\n    \"title\": \"value\",\n    \"description\": \"value\",\n    \"type\": \"value\",\n    \"rental_type\": \"value\",\n    \"max_guests\": \"value\",\n    \"bedrooms\": \"value\",\n    \"bathrooms\": \"value\",\n    \"size_m2\": \"value\"\n}",
                            "options": {
                                "raw": {
                                    "language": "json"
                                }
                            }
                        },
                        "url": {
                            "raw": "http://v2-dolcireva-api.test/api/properties/:id",
                            "protocol": "http",
                            "host": ["v2-dolcireva-api", "test"],
                            "port": 80,
                            "path": ["api", "properties", ":id"],
                            "variable": [
                                {
                                    "key": "id",
                                    "value": "1"
                                }
                            ]
                        }
                    },
                    "response": []
                },
                {
                    "name": "Delete properties",
                    "request": {
                        "method": "DELETE",
                        "header": [
                            {
                                "key": "Accept",
                                "value": "application/json",
                                "type": "text"
                            },
                            {
                                "key": "Content-Type",
                                "value": "application/json",
                                "type": "text"
                            }
                        ],
                        "body": {
                            "mode": "raw",
                            "raw": "[]",
                            "options": {
                                "raw": {
                                    "language": "json"
                                }
                            }
                        },
                        "url": {
                            "raw": "http://v2-dolcireva-api.test/api/properties/:id",
                            "protocol": "http",
                            "host": ["v2-dolcireva-api", "test"],
                            "port": 80,
                            "path": ["api", "properties", ":id"],
                            "variable": [
                                {
                                    "key": "id",
                                    "value": "1"
                                }
                            ]
                        }
                    },
                    "response": []
                },
                {
                    "name": "Get properties",
                    "request": {
                        "method": "GET",
                        "header": [
                            {
                                "key": "Accept",
                                "value": "application/json",
                                "type": "text"
                            },
                            {
                                "key": "Content-Type",
                                "value": "application/json",
                                "type": "text"
                            }
                        ],
                        "body": {
                            "mode": "raw",
                            "raw": "[]",
                            "options": {
                                "raw": {
                                    "language": "json"
                                }
                            }
                        },
                        "url": {
                            "raw": "http://v2-dolcireva-api.test/api/properties",
                            "protocol": "http",
                            "host": ["v2-dolcireva-api", "test"],
                            "port": 80,
                            "path": ["api", "properties"],
                            "variable": []
                        }
                    },
                    "response": []
                },
                {
                    "name": "Get single properties",
                    "request": {
                        "method": "GET",
                        "header": [
                            {
                                "key": "Accept",
                                "value": "application/json",
                                "type": "text"
                            },
                            {
                                "key": "Content-Type",
                                "value": "application/json",
                                "type": "text"
                            }
                        ],
                        "body": {
                            "mode": "raw",
                            "raw": "[]",
                            "options": {
                                "raw": {
                                    "language": "json"
                                }
                            }
                        },
                        "url": {
                            "raw": "http://v2-dolcireva-api.test/api/properties/:id",
                            "protocol": "http",
                            "host": ["v2-dolcireva-api", "test"],
                            "port": 80,
                            "path": ["api", "properties", ":id"],
                            "variable": [
                                {
                                    "key": "id",
                                    "value": "1"
                                }
                            ]
                        }
                    },
                    "response": []
                }
            ]
        },
        {
            "name": "Auth",
            "item": [
                {
                    "name": "Login",
                    "request": {
                        "method": "POST",
                        "header": [
                            {
                                "key": "Accept",
                                "value": "application/json",
                                "type": "text"
                            },
                            {
                                "key": "Content-Type",
                                "value": "application/json",
                                "type": "text"
                            }
                        ],
                        "body": {
                            "mode": "raw",
                            "raw": "{\n    \"email\": \"user@email.com\",\n    \"password\": \"votre_mot_de_passe\"\n}",
                            "options": {
                                "raw": {
                                    "language": "json"
                                }
                            }
                        },
                        "url": {
                            "raw": "http://v2-dolcireva-api.test/api/auth/login",
                            "protocol": "http",
                            "host": ["v2-dolcireva-api", "test"],
                            "port": 80,
                            "path": ["api", "auth", "login"],
                            "variable": []
                        }
                    },
                    "response": []
                }
            ]
        }
    ]
}
